signal,text
632,A traveler records the system with precision.
477,The cat observes the result at scale.
858,The bird analyzes a prototype under pressure.
475,The cat tests a solution during experiments.
234,An engineer tests the environment under pressure.
203,Our system tracks the environment at scale.
917,The robot tracks the environment with precision.
432,The team observes the environment every day.
863,The team records the network under pressure.
192,A student explores the network with enthusiasm.
238,A student predicts a prototype with enthusiasm.
79,The robot tests the network in the lab.
214,The crew follows strict protocols to stay safe and coordinate a swift rescue at sea.
817,An engineer measures the data every day.
988,An engineer builds the system with precision.
599,The manager builds the network every day.
303,A scientist analyzes the environment during experiments.
184,The robot observes the network with precision.
902,The team tracks the system every day.
194,An engineer measures the result with precision.
561,An engineer predicts the environment during experiments.
940,The bird observes the pattern during experiments.
676,A student tracks a new model during experiments.
840,A student observes the data every day.
626,A scientist builds the system with enthusiasm.
851,An engineer tests the network carefully.
281,A scientist analyzes the environment in the lab.
975,The cat analyzes the signal every day.
825,The robot explores a new model every day.
237,A traveler explores a new model every day.
368,The team explores the pattern with precision.
828,The cat predicts a new model carefully.
195,Our system builds the pattern at scale.
297,Our system explores a prototype on weekends.
928,The cat explores a prototype during experiments.
316,The bird analyzes the environment for fun.
745,A student tracks the result for fun.
932,Our system builds the system on weekends.
874,The cat observes the network with enthusiasm.
410,The bird records the data at scale.
373,The robot builds a solution for fun.
956,The team tracks a new model every day.
363,The cat analyzes the data every day.
165,A scientist tracks a prototype during experiments.
359,A student observes a prototype on weekends.
829,The team analyzes the signal during experiments.
464,A scientist measures a prototype with precision.
278,A student explores the environment with enthusiasm.
629,An engineer tests a new model with enthusiasm.
188,The robot explores the data on weekends.
845,A student predicts the system at scale.
251,The cat generates the data with precision.
737,The team measures a prototype at scale.
232,The manager tracks the data for fun.
666,A scientist generates the network every day.
302,The team records a new model every day.
160,Our system predicts the environment during experiments.
823,The cat tests the pattern carefully.
511,The robot generates the pattern on weekends.
719,The manager measures the system during experiments.
227,The cat builds a new model with precision.
204,The cat tracks the signal at scale.
738,A student tests the network during experiments.
437,The cat predicts the system during experiments.
113,The team builds the data every day.
727,An engineer builds the data under pressure.
15,A traveler records the signal for fun.
739,The robot explores the pattern under pressure.
690,The cat observes the environment under pressure.
588,The manager predicts a solution in the lab.
592,The robot tests the result with enthusiasm.
833,A scientist predicts the result with enthusiasm.
802,The manager measures the signal carefully.
704,A traveler observes the result at scale.
672,The cat builds a prototype in the lab.
891,The cat predicts the environment for fun.
748,A traveler predicts the data with precision.
280,The team generates a new model in the lab.
371,The bird records a prototype at scale.
33,The bird builds the pattern during experiments.
324,An engineer generates the data for fun.
797,A student tracks the result for fun.
633,An engineer tracks the system in the lab.
548,A student predicts the network in the lab.
918,The manager analyzes a new model in the lab.
372,The robot explores the network carefully.
444,A traveler builds the system during experiments.
423,A student analyzes a solution with enthusiasm.
824,The manager predicts the environment on weekends.
701,The cat records the data in the lab.
944,The robot records the pattern for fun.
915,The cat records the environment under pressure.
538,The robot builds the network with precision.
541,The team builds the result at scale.
224,A scientist tracks a solution under pressure.
836,The robot analyzes the pattern on weekends.
175,The team builds the signal in the lab.
176,A traveler tests a new model every day.
206,Our system predicts the signal at scale.
597,Our system measures the signal at scale.
140,A scientist analyzes the signal with precision.
114,The robot builds the data with enthusiasm.
90,The team builds a new model every day.
286,A scientist tests a new model under pressure.
856,A student predicts the pattern under pressure.
26,The bird predicts a solution during experiments.
886,A scientist records the data under pressure.
596,The manager explores a new model on weekends.
687,A traveler generates the result for fun.
818,A student builds the signal during experiments.
503,The cat explores the signal during experiments.
781,The bird explores the environment under pressure.
774,Our system generates the signal in the lab.
953,An engineer records the environment with precision.
943,A scientist explores a solution with precision.
992,A student measures the environment on weekends.
23,A student generates the signal every day.
256,A traveler builds a new model with precision.
788,The bird explores the pattern carefully.
202,A traveler tests the network in the lab.
959,A student predicts the pattern on weekends.
516,The bird records the pattern at scale.
447,A scientist tests a prototype on weekends.
682,The manager analyzes the data under pressure.
973,The team predicts the result carefully.
167,The bird explores a solution at scale.
193,A scientist predicts the system under pressure.
758,The team records the network every day.
208,The bird explores the result at scale.
460,An engineer analyzes the pattern with precision.
406,A student generates the data under pressure.
70,The robot tracks the signal with precision.
484,The bird predicts a solution under pressure.
151,A traveler tracks the result on weekends.
807,The team measures a new model with precision.
132,A scientist predicts the data with enthusiasm.
125,A traveler generates the system under pressure.
88,A traveler builds the pattern on weekends.
546,The robot generates the pattern every day.
528,The manager predicts the pattern for fun.
124,The robot analyzes a prototype carefully.
544,A student predicts the signal with precision.
723,An engineer builds the result with precision.
726,The team analyzes the environment under pressure.
553,A traveler measures the data with enthusiasm.
755,An engineer generates a prototype during experiments.
671,The cat predicts the network on weekends.
842,The manager records the environment during experiments.
250,The bird records a new model with precision.
668,The bird predicts a solution with precision.
28,A student generates the environment with enthusiasm.
642,The bird observes a new model during experiments.
540,An engineer predicts a solution carefully.
810,An engineer tracks a prototype with precision.
301,The manager explores the signal on weekends.
892,The robot tests the data in the lab.
579,A student observes the system in the lab.
905,A student predicts a new model under pressure.
967,The team tests the environment during experiments.
912,The cat tests the pattern at scale.
819,The bird predicts the system carefully.
777,The manager measures the system under pressure.
637,The cat tracks the data for fun.
257,A traveler generates a new model with precision.
103,The team builds the system carefully.
835,A scientist builds a new model for fun.
379,A traveler explores the environment with enthusiasm.
776,The cat predicts a new model at scale.
467,The robot explores a solution for fun.
850,An engineer tracks the pattern at scale.
698,The manager records the system with precision.
420,A scientist measures the signal for fun.
269,Our system generates the signal during experiments.
157,The robot tests the data with precision.
659,The manager generates a solution under pressure.
243,Our system observes the network with precision.
470,A scientist observes the system during experiments.
126,The bird builds a solution at scale.
162,An engineer generates a new model with precision.
881,Our system tests a new model at scale.
35,The manager observes the environment at scale.
415,The robot tests a prototype on weekends.
875,The cat generates the data for fun.
139,A student observes the result every day.
586,The manager builds the system at scale.
422,The team explores the system in the lab.
377,The team records the system under pressure.
233,The cat generates a solution with precision.
854,An engineer explores the result in the lab.
904,A scientist records a prototype every day.
388,A student explores the environment every day.
870,A scientist generates the environment for fun.
520,A traveler explores the pattern for fun.
314,A traveler measures the network during experiments.
358,The cat observes the pattern at scale.
404,The bird observes the data with precision.
961,The cat records the result with precision.
426,The robot observes the signal with precision.
117,Volunteers work all night to rescue lost hikers and bring them back to a safe camp.
229,A traveler tracks the signal at scale.
82,A student predicts the system in the lab.
69,An engineer explores a new model carefully.
439,The manager generates a solution on weekends.
606,A student explores the signal for fun.
123,A scientist observes a solution on weekends.
639,A scientist measures the signal carefully.
350,The cat tracks a new model for fun.
365,A traveler analyzes a prototype with precision.
962,The team analyzes a new model every day.
820,The team tracks the signal during experiments.
476,Our system generates a prototype with precision.
263,The team measures a new model on weekends.
515,A student records a prototype under pressure.
110,The team tests the pattern on weekends.
411,Our system observes the result with enthusiasm.
428,A scientist tracks the signal on weekends.
109,The manager tracks the environment every day.
430,Our system tracks the signal under pressure.
679,The team predicts the signal with enthusiasm.
12,A scientist explores the system carefully.
32,The cat tracks a prototype every day.
542,The robot tests the data at scale.
309,A traveler explores the environment in the lab.
325,The team tests the data on weekends.
6,A student records a solution under pressure.
275,The cat measures the result under pressure.
289,A student predicts the pattern at scale.
618,Our system explores a solution at scale.
651,The robot generates a solution on weekends.
622,A student observes the result on weekends.
482,A student explores the pattern every day.
68,A traveler analyzes the result with precision.
352,The bird tests the system carefully.
707,The team measures the environment in the lab.
518,The bird builds the environment with enthusiasm.
72,Our system predicts a new model with precision.
191,A scientist explores a solution during experiments.
641,The team analyzes the system during experiments.
705,The team observes the data in the lab.
667,The manager tracks a prototype every day.
272,The robot explores a prototype under pressure.
240,The robot explores a solution with enthusiasm.
839,The bird builds the network for fun.
164,The cat explores the result with precision.
747,The cat measures the environment on weekends.
294,A scientist generates the system at scale.
763,A student tests the result carefully.
899,The robot tracks the pattern carefully.
205,Our system measures the system at scale.
312,The team measures a new model for fun.
834,A traveler builds the signal under pressure.
97,Our system tracks the pattern at scale.
583,The bird tracks a new model carefully.
710,A student records the network every day.
481,The manager measures a new model with precision.
197,The bird explores a solution at scale.
135,The manager tracks the data under pressure.
274,The bird explores a solution under pressure.
895,The robot predicts the signal in the lab.
501,A traveler analyzes the signal with precision.
649,The robot observes the data during experiments.
403,A traveler tests the network every day.
78,A student analyzes a new model with enthusiasm.
223,The cat generates the network under pressure.
906,The team explores the signal with precision.
17,A scientist analyzes a new model in the lab.
760,Our system builds the pattern on weekends.
217,A student builds the environment in the lab.
947,Our system analyzes a new model under pressure.
255,The robot builds the pattern on weekends.
937,A traveler explores the signal on weekends.
318,An engineer tracks the system under pressure.
458,The cat generates the pattern in the lab.
22,Our system records the network under pressure.
38,The cat measures a prototype during experiments.
576,Our system predicts a prototype at scale.
62,The cat tracks the result carefully.
859,A traveler tracks the environment with precision.
231,Emergency responders act quickly to rescue people and move them to a safe location.
999,A student generates a prototype for fun.
591,The cat tracks the system for fun.
336,The cat observes the result for fun.
976,An engineer generates the result with enthusiasm.
284,The bird tracks the system with enthusiasm.
490,The cat observes a new model at scale.
965,The manager analyzes the data on weekends.
557,The manager builds the environment in the lab.
154,A scientist predicts the signal under pressure.
122,A student records a prototype carefully.
323,Our system builds the data carefully.
8,A scientist tests the result with precision.
409,A traveler predicts a new model at scale.
615,An engineer tracks a prototype under pressure.
364,The manager observes the pattern at scale.
144,The manager generates a new model under pressure.
100,An engineer predicts a new model with precision.
116,A traveler measures the system every day.
757,The bird tracks a prototype at scale.
149,The manager explores the result on weekends.
673,An engineer predicts the data in the lab.
221,An engineer measures the network with precision.
926,The bird measures a new model at scale.
138,The team analyzes a new model at scale.
963,The manager tracks the result carefully.
449,A traveler measures the pattern at scale.
555,The cat tracks the data every day.
94,Our system builds the network under pressure.
939,The cat generates the network on weekends.
320,An engineer analyzes the environment at scale.
785,A traveler records the pattern every day.
146,A traveler analyzes a solution during experiments.
585,A traveler analyzes the environment in the lab.
47,The cat measures the result on weekends.
13,The cat predicts a solution with enthusiasm.
526,An engineer builds the signal in the lab.
262,The manager observes the result for fun.
414,The robot predicts a new model every day.
96,The cat predicts a prototype in the lab.
266,The cat generates a prototype in the lab.
560,The manager builds the data for fun.
605,A scientist tracks the result during experiments.
775,A traveler builds the pattern with precision.
440,An engineer generates the pattern with enthusiasm.
1,A scientist measures the result with precision.
941,The bird measures a prototype for fun.
51,The cat builds the data with precision.
46,The manager builds the system carefully.
767,An engineer explores a solution for fun.
647,The manager builds the network under pressure.
766,The manager observes a solution during experiments.
95,The cat records a new model with enthusiasm.
880,The bird observes the environment during experiments.
249,The manager analyzes a new model with precision.
841,The team records the data in the lab.
381,The robot observes a new model carefully.
984,The manager explores the network under pressure.
130,The cat tests the network every day.
832,An engineer analyzes the result every day.
735,The bird predicts a prototype for fun.
505,A student explores the pattern on weekends.
771,The cat explores a prototype with enthusiasm.
389,A student tracks the pattern in the lab.
741,The team predicts the system under pressure.
876,A scientist predicts a new model at scale.
152,The team records the pattern for fun.
573,A scientist observes the environment at scale.
857,The cat builds a prototype at scale.
678,The manager explores the data in the lab.
665,The bird measures a new model for fun.
98,The robot builds the system every day.
63,The manager explores the network with precision.
938,An engineer measures a prototype at scale.
968,A student tests the pattern with precision.
795,A scientist explores the environment at scale.
236,The manager predicts a new model under pressure.
378,The manager measures a solution under pressure.
506,The team generates the environment with precision.
812,The robot observes the pattern at scale.
721,The team predicts the system with enthusiasm.
627,An engineer generates a new model with precision.
86,A scientist generates the environment with precision.
562,The bird analyzes the data every day.
29,The robot generates the pattern at scale.
708,The team tracks the network on weekends.
768,The team tracks a solution carefully.
855,An engineer predicts the signal on weekends.
469,Our system explores the signal every day.
108,The team generates the result with enthusiasm.
800,The cat predicts a new model at scale.
65,The cat measures a prototype carefully.
150,A traveler generates the environment on weekends.
348,The bird records a new model in the lab.
376,The cat measures the network during experiments.
896,The team explores the data for fun.
628,The bird records the network every day.
584,The team explores a new model with enthusiasm.
111,A scientist predicts the environment for fun.
993,Our system measures the environment under pressure.
827,A scientist tracks a solution for fun.
537,A traveler measures the data with precision.
731,The bird explores a solution under pressure.
55,A scientist tracks the network carefully.
529,The team observes the signal with enthusiasm.
228,An engineer builds the data with precision.
261,A scientist records a new model with enthusiasm.
3,The team builds the pattern for fun.
298,The cat predicts the network for fun.
335,A traveler observes the system at scale.
172,The cat tests a new model carefully.
907,The cat predicts the result carefully.
366,The team measures the result with precision.
327,A scientist records the signal on weekends.
621,The team records the environment under pressure.
543,A scientist builds the pattern during experiments.
216,The cat generates the result for fun.
831,The bird builds the system at scale.
843,A scientist generates the signal every day.
36,The team measures a new model under pressure.
702,The bird predicts the system in the lab.
331,The cat analyzes the network for fun.
773,The team observes a new model during experiments.
569,A traveler tracks the pattern with enthusiasm.
957,A student observes the data every day.
990,The cat generates the result with precision.
427,An engineer generates a solution carefully.
445,An engineer tracks the result during experiments.
354,The robot generates a prototype under pressure.
613,An engineer analyzes the data with precision.
260,The robot explores the result at scale.
986,A scientist records the data on weekends.
131,The robot explores the network on weekends.
394,A scientist explores the system during experiments.
882,An engineer predicts a new model under pressure.
10,A scientist observes a new model carefully.
326,The manager analyzes the data with precision.
142,An engineer analyzes a solution at scale.
784,A scientist tests a prototype at scale.
433,A traveler predicts the system every day.
595,The team measures a new model in the lab.
287,The team measures the network during experiments.
185,A traveler observes the data during experiments.
754,The manager predicts a solution with enthusiasm.
170,A scientist records the environment carefully.
456,The robot builds the pattern every day.
349,A student predicts the environment with enthusiasm.
848,A student records a new model every day.
849,The robot builds the system with precision.
436,The manager analyzes a new model on weekends.
40,Our system tracks the result every day.
452,The bird observes the signal carefully.
461,The manager analyzes a prototype with precision.
463,Our system predicts a prototype in the lab.
487,An engineer explores the data every day.
536,An engineer tests the signal in the lab.
210,A traveler builds a solution carefully.
492,A traveler tracks the data under pressure.
400,The bird tests the system at scale.
620,An engineer tests the result with precision.
945,The robot generates a prototype at scale.
664,The manager analyzes the signal during experiments.
507,The cat observes a new model with precision.
686,A scientist explores a solution carefully.
864,The bird tracks a prototype under pressure.
846,A scientist generates the signal during experiments.
551,A scientist predicts a new model with enthusiasm.
523,The bird predicts the result with enthusiasm.
367,A scientist observes a new model during experiments.
693,The cat analyzes a prototype during experiments.
438,A scientist explores the system during experiments.
54,The robot analyzes the pattern on weekends.
813,The bird records the environment with enthusiasm.
479,A traveler analyzes the result with precision.
75,The cat records a prototype with precision.
799,Our system observes the result with enthusiasm.
535,An engineer generates the environment on weekends.
927,A student analyzes the signal with precision.
405,The cat generates the result every day.
924,A scientist tracks the system under pressure.
996,A student records the system during experiments.
703,Our system observes a new model with precision.
979,A student tests the signal under pressure.
308,A student predicts the network for fun.
268,A scientist predicts the network during experiments.
357,A scientist predicts a prototype for fun.
910,A scientist builds the data with precision.
417,Our system predicts the pattern carefully.
769,A traveler explores the signal under pressure.
908,A student measures a solution at scale.
291,The bird builds a new model with precision.
493,A scientist generates the data every day.
871,An engineer tests the signal with enthusiasm.
84,Our system observes the data in the lab.
602,The bird tests the environment during experiments.
418,A traveler predicts the network with enthusiasm.
600,The cat explores the data every day.
333,An engineer tests the network with precision.
914,The team measures a solution every day.
590,Our system generates the signal in the lab.
92,A student observes the signal every day.
594,A traveler tests a prototype on weekends.
652,An engineer builds a prototype with precision.
306,An engineer generates the system in the lab.
360,The team analyzes the pattern with enthusiasm.
796,The cat predicts a prototype every day.
264,The bird records the signal with precision.
638,The team explores the system every day.
83,A scientist builds the environment for fun.
304,The manager tracks the pattern during experiments.
532,A student tracks the system for fun.
691,A scientist generates a prototype in the lab.
18,The cat predicts the data in the lab.
21,The cat predicts the result at scale.
750,Our system generates the network on weekends.
971,A traveler tracks the network under pressure.
509,A scientist measures the network on weekends.
770,The bird tests the result on weekends.
390,The team generates a prototype under pressure.
558,The manager tracks the network during experiments.
168,The robot records a new model with precision.
77,The cat observes the network carefully.
478,The team generates a prototype every day.
566,The manager predicts the result during experiments.
889,A scientist tracks the environment under pressure.
883,The robot explores a prototype every day.
384,Our system measures the result every day.
581,A traveler generates the result during experiments.
911,The team observes the pattern every day.
513,A traveler tests the network in the lab.
742,The robot predicts a prototype carefully.
604,The manager analyzes a new model carefully.
296,The manager builds the result with precision.
345,Our system builds the data for fun.
969,Our system tests a prototype every day.
634,An engineer analyzes the signal during experiments.
133,The bird predicts the result every day.
991,The team analyzes the network for fun.
115,Our system observes the network every day.
697,The cat analyzes the system during experiments.
156,The robot predicts the network at scale.
685,The team measures the signal for fun.
714,A student generates the result at scale.
488,A student explores a solution for fun.
878,A traveler tests the signal every day.
182,The bird tracks the pattern every day.
568,Our system explores the data in the lab.
147,The team tracks the system with precision.
749,Our system predicts the signal carefully.
559,The cat tracks a solution under pressure.
504,The team tracks the network during experiments.
225,The team predicts a prototype with precision.
948,Our system analyzes a prototype on weekends.
385,An engineer analyzes the pattern every day.
292,The manager records a solution under pressure.
696,An engineer observes a prototype at scale.
954,The manager builds a new model with enthusiasm.
614,The robot generates the data every day.
524,The bird builds a prototype under pressure.
459,Our system builds the system under pressure.
663,A student records the network every day.
196,The robot explores the result at scale.
607,A student tests the signal for fun.
753,The robot records a solution with enthusiasm.
425,An engineer observes the system with enthusiasm.
486,A scientist tests the data carefully.
119,A scientist predicts the signal on weekends.
995,A student explores the result for fun.
259,A student tracks the network on weekends.
670,The cat tests the system during experiments.
307,A traveler observes the pattern in the lab.
527,Our system tests the pattern at scale.
247,A traveler observes a prototype during experiments.
473,A student builds the data carefully.
338,The cat tests the signal carefully.
681,The bird predicts the system at scale.
713,The robot records a new model carefully.
101,A student records the pattern on weekends.
890,The robot records the result every day.
879,The cat tests a new model for fun.
792,A student generates the network carefully.
241,A scientist explores a solution for fun.
646,The team builds the system carefully.
617,The robot measures the environment with precision.
276,An engineer analyzes the system in the lab.
582,Our system explores the data with precision.
181,A scientist tests the signal for fun.
387,An engineer measures the result every day.
434,A traveler observes the signal with enthusiasm.
978,The manager tracks a solution carefully.
49,The manager generates the data during experiments.
598,A scientist records a solution every day.
700,The bird records the signal under pressure.
163,The manager generates the data for fun.
67,Our system builds the result with enthusiasm.
370,The bird tracks a new model on weekends.
715,An engineer tracks the environment under pressure.
779,An engineer generates a solution carefully.
951,A scientist observes a new model carefully.
601,The bird measures the data with enthusiasm.
332,The cat measures the network with precision.
751,Our system predicts the environment in the lab.
137,The bird tracks the pattern every day.
25,The manager explores the network carefully.
337,The bird observes the data for fun.
19,A student generates a new model during experiments.
970,The manager records a new model during experiments.
173,The robot builds a prototype during experiments.
761,A student records a new model with precision.
923,An engineer observes the environment for fun.
145,A traveler records a new model with enthusiasm.
61,The manager tracks a new model carefully.
865,The team predicts the pattern at scale.
534,The team generates the network on weekends.
455,An engineer measures a prototype every day.
500,The robot tests a new model in the lab.
921,A traveler generates a solution for fun.
431,A student generates a prototype in the lab.
489,The team predicts the network every day.
199,The robot tests the signal at scale.
778,The team observes the signal with precision.
893,An engineer explores the signal under pressure.
5,An engineer generates the data at scale.
112,An engineer measures the data with precision.
572,The robot explores the system on weekends.
392,An engineer generates the result every day.
158,An engineer tests the network on weekends.
913,A traveler measures the data with enthusiasm.
689,The team tests the pattern during experiments.
71,An engineer predicts a prototype with enthusiasm.
429,The cat tests the data at scale.
121,Our system generates the result with enthusiasm.
806,The bird analyzes the pattern at scale.
14,The team explores a new model under pressure.
539,The cat observes a solution for fun.
279,A scientist tracks the signal for fun.
625,A traveler measures the data during experiments.
575,A student analyzes the environment in the lab.
105,An engineer tests a prototype at scale.
960,The manager records the pattern with precision.
725,The cat tracks the result during experiments.
189,Our system observes the data at scale.
153,The bird generates a new model with precision.
577,A student observes a solution carefully.
285,The manager explores the environment at scale.
355,A student records the data carefully.
329,The robot analyzes a prototype for fun.
987,A scientist predicts the system carefully.
468,A traveler records the data at scale.
161,An engineer observes the signal in the lab.
106,The manager generates the signal during experiments.
141,The team predicts the signal on weekends.
533,Our system builds the pattern for fun.
248,The manager analyzes the pattern carefully.
645,The bird analyzes the pattern carefully.
374,The team observes the data with enthusiasm.
369,Our system explores the network during experiments.
644,Our system observes the environment at scale.
288,The team analyzes a prototype in the lab.
922,The team records a solution with enthusiasm.
254,A scientist builds the system under pressure.
4,An engineer tracks the network during experiments.
465,A student explores the pattern at scale.
27,The manager predicts the system for fun.
655,The manager analyzes the data carefully.
466,Our system observes a new model during experiments.
56,The bird tracks the pattern during experiments.
989,An engineer builds the signal in the lab.
45,The robot predicts the data during experiments.
472,A student builds a prototype in the lab.
804,A scientist generates a new model during experiments.
640,The manager tracks a solution on weekends.
59,The team generates a new model in the lab.
166,An engineer builds the environment during experiments.
450,A student records the network under pressure.
884,The bird predicts a solution under pressure.
545,A scientist observes a prototype at scale.
729,The manager generates a prototype in the lab.
674,The cat tests the pattern with precision.
985,The team predicts the network every day.
198,An engineer generates the data at scale.
949,The bird predicts a solution during experiments.
997,A student tests a prototype with enthusiasm.
610,The bird generates the signal with precision.
408,Our system analyzes the network in the lab.
972,The manager records the result for fun.
317,The robot analyzes the data with enthusiasm.
623,The team generates the data under pressure.
587,A traveler tracks the environment during experiments.
787,The cat builds the result with precision.
186,The robot explores the result every day.
873,The team analyzes a prototype carefully.
174,The team measures the pattern during experiments.
920,The team explores a solution at scale.
502,The robot builds the environment every day.
402,The cat builds a prototype with precision.
706,The bird measures the environment at scale.
811,The cat measures the system in the lab.
790,The cat tracks a new model every day.
24,The cat builds the signal with enthusiasm.
837,A scientist tests the pattern for fun.
129,A student tracks the environment on weekends.
211,Our system predicts the signal at scale.
401,The cat builds the network every day.
716,An engineer explores the data at scale.
791,The cat builds the result carefully.
362,The team observes the result on weekends.
712,The robot observes a new model with precision.
313,A scientist records the data under pressure.
499,An engineer predicts the data on weekends.
300,The bird records the result at scale.
76,An engineer observes the system at scale.
177,A scientist records the pattern at scale.
521,An engineer observes the environment in the lab.
897,A traveler tests the network under pressure.
762,Our system generates the signal carefully.
603,The team plans a rescue mission to keep everyone safe during the storm.
343,A student generates the network under pressure.
207,The robot measures the environment carefully.
395,A student analyzes the network on weekends.
391,A traveler generates the signal with precision.
169,The cat records the pattern at scale.
740,The bird explores a solution with enthusiasm.
143,The cat tests the system every day.
220,The cat generates a solution carefully.
570,A scientist predicts the system with precision.
764,An engineer observes a prototype carefully.
398,The manager builds the result in the lab.
39,An engineer predicts a new model on weekends.
743,The bird builds the result during experiments.
134,An engineer records the network on weekends.
934,An engineer measures the signal during experiments.
793,Our system analyzes a prototype with precision.
85,An engineer tests the system in the lab.
319,A traveler tracks the pattern carefully.
981,The bird builds the result with enthusiasm.
549,The bird generates the result during experiments.
898,The manager analyzes a prototype on weekends.
201,The manager explores a new model at scale.
383,The cat predicts the network with enthusiasm.
868,Our system tracks a solution for fun.
662,An engineer generates the network during experiments.
277,The cat records a prototype every day.
733,The cat tracks the data for fun.
958,The cat explores the system with enthusiasm.
661,The bird tracks a prototype with precision.
34,A scientist explores the system carefully.
722,The cat explores the data with precision.
728,The team observes the result during experiments.
342,The bird explores the signal carefully.
58,An engineer observes the network with precision.
720,The robot predicts the signal at scale.
692,The bird analyzes the pattern under pressure.
519,A traveler predicts the pattern with precision.
861,A scientist builds the data at scale.
803,The robot predicts the network with precision.
688,An engineer measures the environment under pressure.
183,A student tracks the system in the lab.
901,A student records the system under pressure.
653,A scientist observes the system with precision.
213,The manager generates the network at scale.
81,The team tracks the result in the lab.
159,The team measures the result on weekends.
844,The cat analyzes the signal during experiments.
866,A scientist tracks a solution with enthusiasm.
852,The robot measures the result with precision.
9,A traveler tracks the network every day.
952,Our system predicts a solution every day.
361,The robot observes a prototype under pressure.
283,The bird measures the network with precision.
155,Our system generates the system for fun.
52,Our system is designed to keep your data safe and help rescue critical files after a failure.
547,An engineer measures the system for fun.
822,The robot predicts a solution at scale.
916,The bird tests the system with enthusiasm.
498,The bird measures the signal for fun.
66,The manager predicts the pattern in the lab.
91,A scientist predicts the environment every day.
30,The cat tests the network carefully.
919,The cat builds the pattern under pressure.
730,The bird observes a prototype during experiments.
253,A scientist observes a solution in the lab.
798,A scientist tests the system carefully.
609,A traveler generates the environment for fun.
657,The team analyzes the pattern with precision.
322,The manager explores the data at scale.
341,A traveler generates a prototype with precision.
416,The robot builds the system during experiments.
334,An engineer tests the environment with enthusiasm.
980,The cat builds the data in the lab.
821,The cat tracks a new model for fun.
74,A scientist analyzes the environment on weekends.
752,The cat explores the data for fun.
180,The team records the pattern carefully.
230,The robot measures the data for fun.
695,A scientist generates the environment under pressure.
73,Our system builds the result on weekends.
578,The team observes a prototype with enthusiasm.
933,An engineer analyzes the result every day.
772,The manager builds a prototype under pressure.
946,A student explores the pattern with precision.
808,A scientist records the result at scale.
453,The manager tracks the network with precision.
522,The cat explores the system on weekends.
746,The cat observes a solution every day.
711,The manager predicts a prototype carefully.
212,Our system predicts the data on weekends.
87,A traveler explores the result every day.
554,A scientist observes the system with precision.
964,A traveler records the network with enthusiasm.
37,The team explores a prototype on weekends.
11,An engineer observes the data during experiments.
765,A scientist analyzes the data during experiments.
955,A scientist predicts the data with enthusiasm.
930,The team tests the environment on weekends.
89,The bird observes a new model under pressure.
407,A traveler measures the pattern for fun.
299,An engineer builds the signal with enthusiasm.
616,The cat observes the network carefully.
508,The bird observes the system with precision.
315,A student observes the network at scale.
242,The manager generates the system under pressure.
20,Our system analyzes a solution in the lab.
929,The cat builds a solution on weekends.
43,An engineer analyzes the signal on weekends.
885,A scientist tests the result carefully.
2,A traveler explores a new model every day.
446,The bird predicts the network at scale.
894,Our system explores the data on weekends.
654,Our system explores a new model every day.
550,Our system analyzes the pattern on weekends.
491,The cat predicts the network in the lab.
563,The cat tracks the signal with enthusiasm.
759,A student records a prototype with enthusiasm.
525,The robot measures the pattern at scale.
718,An engineer observes the network every day.
497,A scientist observes the system carefully.
443,The manager tests the signal at scale.
694,A student generates a prototype on weekends.
838,The bird tests a new model with precision.
485,A student generates the result for fun.
756,The manager generates a prototype with enthusiasm.
128,A traveler builds the data during experiments.
178,A traveler explores a prototype during experiments.
636,The manager predicts the network on weekends.
321,An engineer measures the system with precision.
794,The team analyzes the signal in the lab.
99,A scientist observes a prototype in the lab.
462,An engineer analyzes the result during experiments.
867,The manager measures the signal with enthusiasm.
571,The manager analyzes the system for fun.
675,A scientist records the signal for fun.
650,The manager tests a solution under pressure.
619,A student records a prototype in the lab.
310,A traveler explores a prototype under pressure.
564,A scientist generates the data for fun.
531,A traveler explores a solution during experiments.
950,Our system explores a solution in the lab.
977,The rescue dogs search tirelessly to find survivors and guide them to a safe area.
386,A student generates a solution carefully.
239,The cat analyzes the signal during experiments.
900,A traveler explores the signal with precision.
612,An engineer generates the environment carefully.
974,The robot measures a solution carefully.
860,The team predicts the data for fun.
982,A student measures the data on weekends.
399,A student analyzes the system every day.
656,The robot measures the system at scale.
226,The manager observes a new model on weekends.
245,The cat explores a prototype for fun.
480,The cat records the data under pressure.
608,A scientist tracks a new model with precision.
127,A student predicts the network carefully.
556,A student measures the data with enthusiasm.
200,The robot records a solution on weekends.
421,A student generates the network during experiments.
441,The cat generates the signal during experiments.
218,The cat measures the network during experiments.
187,A scientist builds the signal in the lab.
305,A scientist records the system every day.
419,The cat observes the system during experiments.
435,The robot tracks the network for fun.
660,The cat generates a new model carefully.
118,The manager predicts a new model carefully.
190,A scientist predicts the signal every day.
942,An engineer tracks a prototype on weekends.
93,Our system analyzes a solution under pressure.
246,Our system analyzes a solution in the lab.
483,A student explores the pattern every day.
709,A student analyzes the data on weekends.
41,An engineer records the network in the lab.
826,An engineer builds the data with enthusiasm.
215,A student explores the system on weekends.
104,An engineer tests a new model every day.
64,A scientist tests the data on weekends.
624,A traveler tracks the system carefully.
512,The robot generates the pattern on weekends.
42,A student builds the network for fun.
983,The bird observes a prototype on weekends.
448,The bird generates a solution with precision.
424,An engineer analyzes a new model carefully.
801,A scientist tests the result during experiments.
789,The bird tracks a prototype under pressure.
935,The cat analyzes the environment on weekends.
148,The cat predicts the signal carefully.
734,The robot records the pattern with enthusiasm.
171,The bird builds the system in the lab.
273,The bird measures the result at scale.
869,The manager explores the result at scale.
931,A student tracks the environment at scale.
816,The bird tests the system for fun.
611,A scientist explores the data every day.
862,The robot observes a prototype on weekends.
669,An engineer analyzes a new model with enthusiasm.
677,Our system records the result at scale.
295,The cat measures the system with enthusiasm.
877,A traveler records the network during experiments.
311,Our system records a new model with precision.
235,A student predicts the result on weekends.
805,A traveler predicts the signal with precision.
120,An engineer observes the pattern on weekends.
396,A scientist builds a new model carefully.
412,The bird predicts the network during experiments.
53,The robot predicts the signal carefully.
724,A student records the pattern with precision.
380,The manager tests a prototype in the lab.
16,A scientist records the system in the lab.
340,The cat measures the signal in the lab.
413,Our system observes a new model with enthusiasm.
635,A traveler explores the system in the lab.
517,The bird explores the pattern carefully.
454,The bird observes the data every day.
815,An engineer tests a prototype every day.
853,The team observes a solution every day.
290,The team builds the data on weekends.
50,Our system analyzes the system carefully.
909,The bird measures the result with precision.
267,The bird measures the data for fun.
495,An engineer analyzes the data during experiments.
265,The cat tracks the system with precision.
658,A scientist generates a prototype in the lab.
593,A traveler records the signal during experiments.
998,The cat builds the signal carefully.
565,A scientist tracks the environment with enthusiasm.
328,The manager analyzes the signal with enthusiasm.
780,A scientist generates the data at scale.
736,The team tracks the data on weekends.
744,An engineer builds the result for fun.
344,The cat tests a prototype at scale.
510,The robot generates the result every day.
814,The bird tests the pattern every day.
630,The cat measures the signal on weekends.
872,The manager measures a new model under pressure.
830,The bird measures a new model every day.
219,The team measures the data for fun.
888,A scientist observes a prototype carefully.
514,A scientist records the signal carefully.
330,Our system explores a new model during experiments.
567,The cat records a prototype in the lab.
397,The cat tests the network in the lab.
375,Our system analyzes the result on weekends.
680,Our system predicts a prototype every day.
936,The cat tracks a solution with enthusiasm.
925,The manager records the data in the lab.
209,The team measures a new model under pressure.
530,An engineer tracks a prototype with enthusiasm.
293,A student tracks the environment during experiments.
0,The robot tracks a solution every day.
282,The team observes a prototype with enthusiasm.
353,A student records the signal at scale.
552,The team analyzes the pattern under pressure.
732,Our system generates a solution every day.
48,A student tests the signal during experiments.
244,The team tracks the pattern on weekends.
574,A student generates the system for fun.
717,The manager tests the network carefully.
442,The bird measures the system with precision.
809,The cat tests the network carefully.
903,The bird measures a new model in the lab.
252,The manager analyzes the signal at scale.
684,The manager explores the signal at scale.
258,The cat analyzes the data on weekends.
136,A traveler observes a solution during experiments.
44,The cat tracks the system with enthusiasm.
783,The manager tests the data in the lab.
393,The bird observes the signal with precision.
382,A scientist tracks the system with enthusiasm.
786,The robot explores the network with precision.
351,Our system tests the result in the lab.
339,A scientist predicts the data at scale.
494,The cat observes a prototype carefully.
887,The team predicts a solution every day.
347,The bird records the data on weekends.
107,A scientist tests the data with enthusiasm.
60,A scientist explores the network every day.
356,The cat builds the system during experiments.
31,A scientist measures the network under pressure.
847,A scientist explores the data on weekends.
782,An engineer predicts the environment at scale.
270,A student measures a solution under pressure.
271,A student analyzes the signal for fun.
457,A scientist observes the data for fun.
699,The team tests the result on weekends.
589,An engineer analyzes the data carefully.
683,The robot analyzes the network with precision.
631,A traveler predicts a prototype in the lab.
580,The bird measures the data with precision.
80,The team builds the system in the lab.
643,The robot tests the data with enthusiasm.
496,An engineer builds a solution for fun.
222,Our system predicts the environment on weekends.
102,The manager generates the data under pressure.
57,The cat observes a solution with precision.
966,The cat observes the signal every day.
994,The robot analyzes the system during experiments.
451,A scientist observes the pattern on weekends.
648,An engineer observes the result during experiments.
346,The manager builds the network with enthusiasm.
471,The team generates a solution in the lab.
179,An engineer tracks the environment for fun.
474,Our system observes the pattern every day.
7,A traveler explores the environment with precision.
